0.17850513,2.95818652,-0.55628414
-0.42580778,-1.57232089,-0.00817139
0.28564423,1.91193451,-0.28306241
-0.17839329,0.36535482,-0.02078353
-0.17872245,0.13078954,-0.25479254
0.94235808,2.07828054,-0.36346582
-0.0287823,1.63933965,-0.14348979
0.18978008,1.71442785,-0.22525817
-0.66132594,-3.18239045,1.49068965
-0.58282008,-3.27907022,-9.26669361
-0.3934574,-0.89020017,0.32529602
-0.15153963,0.51159313,-0.10455066
-0.39142865,-1.03921729,0.1955785
-0.44823165,-1.61149369,0.69806098
-0.34624784,-0.90800158,-0.09356265
-0.61750003,-2.8877781,0.36825821
4.12652521,1.68275733,-0.34594623
-0.4329565,-1.53029559,-0.14577232
0.23531969,2.33560787,-0.38936693
-0.88001477,-4.68446104,0.26813644
0.01936133,1.79016939,-0.25953701
-0.31277002,0.62445715,0.34186287
0.13335655,2.51017967,-0.49334063
-0.17909113,0.2195977,-0.9565987
-0.47285409,-1.73357764,0.86789955
-0.30963689,-0.63764329,0.19040094
-0.30768599,-0.47370962,0.26835618
-0.00576724,1.44738183,0.03076227
-0.6535857,-2.56157545,0.31413082
0.17467931,2.50688377,-0.4254705
-0.10653939,0.77638889,0.01598307
-0.00503018,0.64393557,-0.05944521
0.08882042,1.89974325,-0.24638597
1.20360392,-1.42417953,-0.23723968
0.02991393,1.74314563,-0.10754992
-0.17897617,0.73643765,0.2016532
0.93663496,2.05538332,-0.34563508
1.52631303,0.78959417,-0.07378296
0.9813762,1.93008159,-0.31448489
0.01231537,1.81993897,-0.26732673
-0.39113383,-0.9268498,0.13539918
-0.71058264,-3.62217534,1.21817485
-0.50780035,-1.97663256,0.07450257
0.09900698,1.86500729,-0.31554351
-0.82220241,-4.94535824,0.91763065
-0.34122528,-0.68169383,-0.25069654
-0.00561202,0.64040779,-0.05893464
0.3052913,1.77423401,-0.2232801
0.07862862,1.87208208,-0.19766192
0.61822748,1.81199744,-0.24579739
-0.11156098,0.75973699,0.10993989
-0.80387171,-4.1006358,0.61451744
0.32199079,1.86105703,-0.2572062
-0.56063699,-2.62200291,0.15858993
-0.04552027,1.10925423,-0.0329701
-0.02527303,1.45065936,-0.14294712
0.0600659,1.73051193,-0.16040511
0.07481119,2.03642468,-0.25716666
-0.45277182,-1.73602338,-0.03739962
-0.49594117,-1.8776955,0.10990677
-0.2422165,0.02555723,0.0018882
-0.6790566,-3.67952333,1.91826002
0.11036618,2.01019962,-0.29610537
0.1432204,2.07083739,-0.29069403
-0.30158391,0.14737082,0.30085958
-0.48773807,-2.55032316,0.81218221
-0.87214997,-4.9209787,1.68532689
-0.65540512,-2.8271166,1.10291643
0.04305981,1.91718461,-0.22063571
-0.10895176,0.79075614,0.00442365
0.11003179,1.91563912,-0.25151776
-0.2386046,-0.01925254,0.12765422
1.32905252,1.68760276,-0.15597947
-0.65362461,-2.58591783,0.49218935
0.01566068,1.24100672,-0.07819903
0.00269821,1.94049518,-0.26463595
-0.47988151,-1.8447726,0.71508611
0.08076555,1.67535301,-0.12460972
-0.67343601,-3.17196537,1.08558083
0.12707717,1.92054203,-0.32085892
-0.02433081,1.85530387,-0.24422422
-0.60397808,-2.84314095,1.91446097
-0.65653064,-2.60663653,0.50523709
-0.43679006,-2.12744948,1.53740486
-0.66391166,-2.56150898,0.0620055
0.78459535,2.396795,-0.4259962
-0.10150764,0.8055882,0.00306178
-0.8805878,-4.65639345,1.10170895
-0.80672657,-3.88047778,0.4059466
-0.21524446,-0.0567661,0.18010394
-0.06397846,1.07896738,-0.03747841
-0.1627748,-1.30593828,0.36828139
1.60376656,1.45191804,-0.17390461
0.24066381,1.93361779,-0.28191858
-0.12966208,1.04090796,0.02540047
0.18704587,2.9783715,-0.59920589
0.11266985,1.81610693,-0.23734806
-0.27893096,-0.63824069,0.00236203
0.03048392,1.90701023,-0.23497388
-0.51382497,-2.24654347,0.74002048
0.08297013,1.66061761,-0.17293383
0.07608597,1.70316369,-0.19190608
-0.35189008,-1.29767264,0.28807614
0.57581339,1.85998189,-0.25032714
-0.84353996,-4.14974422,0.39952859
-0.36708866,-0.83311925,0.42455145
-0.28002597,-0.01787479,0.03709731
-0.74158439,-3.6721421,-0.02698863
-0.07959537,1.05289645,-0.42293129
-0.40313101,-1.72602219,1.06329168
-0.15907843,0.20578426,-0.32654218
0.09550688,1.835396,-0.25358698
0.22151852,2.59831557,-0.48501464
0.31007418,1.94505253,-0.28116272
-0.42870943,-1.52800951,-1.05157433
-0.42617338,-1.48929222,0.0094339
-1.17285671,-6.35839743,2.43365067
-0.65935476,-3.53515747,1.92100336
-0.93500966,-4.68357326,0.32015733
-0.12200221,1.08507968,0.22309812
-0.38236345,-0.90527634,0.32466659
-0.50881867,-1.56668465,0.70503361
-0.34474196,-1.19908192,0.47754588
-0.4076154,-1.1809425,0.40316159
0.07884652,1.66088246,-0.17366738
-0.00949367,1.42650632,-0.09360162
0.63816667,2.01716935,-0.28229123
-0.27623356,-0.13977459,0.3267477
0.31051416,2.2253873,-0.36023807
-0.61507906,-2.58176137,0.06563477
-0.06535948,1.11822224,0.01706968
-0.18045906,0.77140625,0.07260839
0.02844055,2.0419987,-0.30690974
-0.44281123,-2.1225391,0.58026495
0.13762786,1.91520667,-0.25078664
-0.3601453,-0.1760545,0.08942702
-0.29310503,-0.23261041,0.3180728
-0.31467943,-0.79795006,0.1569679
0.31717451,1.83201916,-0.24742601
0.15634757,1.94694502,-0.26308582
-0.07181073,0.96891205,0.00310254
-0.17111942,0.42777342,-0.3559862
-0.62011734,-3.31654356,1.44407562
0.5846902,1.98208297,-0.2926725
-0.78112681,-3.80424681,1.02291337
-0.12605668,0.71946563,-0.36400805
-0.61790806,-2.33218169,1.02451029
0.10402135,1.55583001,-0.11657922
0.12538774,1.74774404,-0.24357878
0.08985041,2.0624314,-0.26091432
-0.39588242,-1.28621188,0.0803082
-0.7931065,-3.03371199,0.44194874
-0.51230079,-2.60675388,1.1584194
0.04645069,1.89843026,-0.22107371
0.01397954,1.46715183,-0.11567474
0.12003427,1.8064037,-0.23798051
-1.0073389,-5.03130134,1.35975628
0.17670891,2.25686407,-0.38415932
0.03717196,2.19669567,-0.38561791
-0.33791133,-1.15028441,0.44432982
0.17230078,2.34349763,-0.43521789
-0.7201777,-3.8775447,2.06011068
0.68413006,2.0541203,-0.32438726
-0.31280867,0.09174727,0.18017606
-0.78207104,-3.48884969,0.68471688
0.19032831,2.301461,-0.39115097
0.62853313,1.96320692,-0.2872681
0.2977657,2.31998848,-0.38736237
-0.63375195,-3.14663057,1.41134775
0.07177249,1.8302976,-0.26356357
-0.42762693,-3.90629748,1.44613288
-0.74189185,-3.84911801,1.58726676
0.04222809,1.81264513,-0.19317184
-0.09498619,0.77841135,0.02205136
-0.3493883,-0.6622183,0.37496589
-0.88426809,-4.27763183,0.53790188
-0.5526772,-2.28606102,0.56603684
1.50156109,0.83291096,-0.12317902
-0.7280365,-3.59518088,0.75094934
0.4501168,1.6763536,-0.20306953
-0.93100585,-4.58817119,1.09575262
-0.16380941,0.44917529,-0.03639706
-0.60474632,-2.79396186,0.32644793
-0.79584359,-4.2946502,1.04110312
0.20182332,1.6827156,-0.18967562
-0.64977619,-3.22664792,1.40581554
-0.66024914,-3.13178153,1.24307298
-0.01584851,1.70613679,-0.06833215
0.26218808,2.18135713,-0.33763307
-0.16017436,0.46783195,0.18879783
0.30894187,1.92520038,-0.27215315
-0.33540237,-0.79336076,-1.13193945
0.35109907,2.63959376,-0.4262964
0.41691482,4.25776827,-0.97974007
-0.32961516,-0.86319955,0.66745627
0.16901573,2.22036327,-0.33062593
-0.4906138,-1.99812469,0.73667476
1.03896522,2.14266581,-0.32951089
1.12849546,1.7251132,-0.23305512
-0.01274687,1.49783734,-0.07180702
-0.28718972,-0.27598833,-0.49685493
-0.73178271,-3.44403825,0.89687045
-0.83402034,-4.45934321,0.35143934
-0.84266157,-4.03881369,1.86257215
0.18804983,2.39742967,-0.38335476
0.06488158,2.19056153,-0.41821126
-0.24248007,-0.40254707,0.15004323
-6.08E-04,1.75E+00,-1.65E-01
-0.48689974,-2.00866769,-0.64939955
-0.12343141,1.06537517,0.05697407
0.66141661,1.8682403,-0.25439142
-0.22896632,-0.28122376,0.11837484
-0.23433836,-0.30152742,0.26605626
0.17471385,2.19172678,-0.33499837
-0.31422539,-1.16700882,0.77713328
-0.17286053,0.48187061,0.27563
0.14792824,1.96359824,-0.28612571
-0.42437451,-1.44482065,0.33567581
0.29904706,1.85183122,-0.25004288
-0.66895992,-3.36030461,1.45683784
-0.23374266,-0.73191933,0.31499392
-0.97900551,-6.4303124,2.77852801
-0.0983013,0.84806163,0.13523188
-0.60864684,-2.49916187,0.24178818
1.05524975,2.15059015,-0.32471593
-0.55864237,-2.29643091,-0.9331497
0.02305388,1.64129389,-0.13789384
-0.06012245,0.8220575,-0.0089658
0.11750084,2.32317009,-0.42734028
-0.40618548,-1.04122811,0.08326892
-1.16476601,-4.47174855,0.96335197
0.24078153,1.997408,-0.27899321
-0.44958302,-2.26911901,1.23524499
0.5909761,1.97165965,-0.32197837
0.25981035,1.9328896,-0.27613247
-0.30408283,-0.38194208,0.37283021
0.12167485,2.40157873,-0.39692374
-0.27565621,-0.69935971,0.41352015
0.27002106,1.90496947,-0.29424836
-0.30526594,-0.55580522,-0.44012406
0.29402658,1.92378357,-0.25868274
1.32507037,2.35770277,-0.40704279
-0.15794512,0.22841246,0.21919908
0.02105053,1.72945101,-0.21014274
-0.08677437,0.74046078,-0.28030297
-0.1884755,0.3063699,-0.3163467
0.10276746,1.75705581,-0.2036826
-0.21482668,0.51174492,0.09400499
-0.04821317,0.95975776,-0.13642881
0.12008311,1.90221345,-0.29449706
-0.02728935,1.36231387,-0.14453066
-0.76173283,-3.63258758,0.39629662
0.02055976,1.6339774,-0.25205982
-1.04701102,-5.48678549,0.27221847
0.66502548,2.05314259,-0.29683113
-0.03600787,1.41040072,-0.07017449
-0.65245521,-3.43132438,1.0744764
-0.11130216,1.09437772,0.04344115
-0.08585013,1.25025446,0.0578329
-0.04423554,1.14146423,-0.01541003
-0.05781006,0.99514022,-0.13874546
-0.55634274,-2.31272674,0.57378284
-0.33870987,-1.24224206,0.54120521
-0.56110628,-1.96992533,0.37659892
-0.95972142,-5.40448014,0.84727997
-0.7191216,-3.55327496,-0.2670617
-0.3905168,-0.81378486,0.71733637
0.21478766,2.37187634,-0.39598867
0.31800667,2.93906972,-0.47700702
0.1505905,2.15751463,-0.32037443
0.05959953,1.87398527,-0.2441272
-0.5084707,-2.0317543,-0.38102295
1.02769652,1.99857085,-0.31808621
-0.15610414,0.03056317,-0.24836279
-0.65154144,-2.57106583,0.4828362
-0.20468491,0.62626609,-0.16738183
0.30215574,1.78683604,-0.23488235
0.09131504,2.07621802,-0.26238278
-0.71754779,-3.13411436,0.27709197
-0.39854282,-1.48616619,0.56063965
0.08858647,1.89390253,-0.33028871
0.16310107,2.21837829,-0.35226587
-0.44179898,-2.36436468,0.41632611
-0.56954222,-2.21702404,0.41313531
-0.09512595,0.8763031,0.03258178
1.47977918,2.24650404,-0.33488249
-0.07416553,1.42307606,-0.09441983
0.28045541,1.92980375,-0.29610314
0.34881702,2.58150037,-0.41434833
-0.68334214,-2.90944113,0.70523105
-0.17805129,-0.27039182,0.01363558
-0.11728337,0.83008464,-0.08758075
0.11529275,1.86955806,-0.24969232
-0.71733097,-3.91188836,1.42198733
-0.57920941,-2.4655832,-1.37347549
-0.54057951,-2.12175599,1.00809935
-0.7233094,-3.78149534,1.83258171
-0.43928619,-1.34771992,0.37267859
0.08863417,1.9169125,-0.24982831
0.10938505,2.13736723,-0.25445258
1.29840203,-0.08336764,-1.67457131
0.37168408,-0.47270063,-0.25319074
-0.57133703,0.55496171,-0.12905634
-0.00930449,-0.1873334,0.25514438
-1.59328566,-0.6821108,1.09256909
2.21762542,0.19810066,-2.11206366
0.90461776,-0.45904548,-0.53327705
0.31337151,-0.44069584,-0.21845654
1.64534523,-0.25693675,0.02428408
-1.39330293,-0.31306903,0.83826767
1.52941096,-0.11513079,-1.2123534
-0.75098616,-0.59876218,0.21689589
0.68647471,-0.41939367,-0.17697485
2.50299072,-0.1303649,-1.11116517
0.36671119,-0.29805694,-0.90194046
-1.22391102,-0.4203318,0.78406034
-1.19283027,-0.14722148,0.70380502
-1.30317491,-0.44825346,0.85540844
-1.29485038,-0.39059994,0.81907161
0.12202722,2.11589394,-0.05794702
-0.20446586,-0.26152508,-0.20565694
-1.22273467,-0.40989392,0.77847412
-1.37525835,-0.41555468,0.87961746
-1.23836688,-0.20178226,0.7830815
0.62483588,-0.00268519,-0.29638534
2.27916114,-0.40602498,-0.37665311
-0.62692858,-0.33886536,0.2180504
1.19095843,-0.50046668,-1.05513634
1.72537369,-0.23582603,-0.24891596
-1.32663427,-0.45763098,0.8768213
0.74363547,-0.38502693,-0.30500673
-0.88403154,0.17983446,0.23897895
-0.47439646,0.11521992,-0.17917561
0.03983331,-0.15941869,0.07100469
1.12309454,-0.34400576,-0.02154097
1.68453144,0.11799224,-0.8875413
-0.10740076,-0.22159343,0.04650402
1.19139817,-0.50066807,-1.05639946
0.18001045,-0.06489527,-0.11139931
-1.28318826,-0.31046218,0.67307617
1.06794416,-0.38050367,-0.96299147
-1.04789687,-0.30292078,0.27227792
1.03277983,-0.1873291,-0.45324975
0.33808173,-0.40273863,0.30082727
-1.3229566,-0.46285173,0.87460901
-1.3229566,-0.46285173,0.87460901
-1.28532252,-0.39575513,0.81457937
-1.29806954,-0.39423695,0.82667102
-1.06686899,-0.25799989,0.4964614
0.37019267,-0.23040126,-0.80801069
-0.88481006,0.54956726,0.34360397
2.4969198,-0.41675033,-0.77336267
1.17124392,-0.49975238,-1.03863336
-1.3229566,-0.46285173,0.87460901
-1.5581762,-0.50333249,1.0654801
2.3989483,-0.32151399,-1.06507821
0.10412557,-0.35684649,0.24675208
-1.19613293,-0.38770256,0.53920144
-1.12185832,0.50654568,0.58931824
-1.3229566,-0.46285173,0.87460901
-1.11848447,2.44420503,0.28957568
0.35671239,-0.39506367,-0.68891713
-0.29291066,-0.39797127,0.27375117
0.24134893,-0.02743036,-0.3917279
-0.35422818,-0.14522602,-0.09965998
0.12137076,-0.2612873,-0.26033164
-1.43792868,-0.36945961,0.94334928
1.7181183,-0.05211478,-0.95137183
-0.09617462,-0.31965718,-0.51518301
-0.98478803,-0.09533543,0.4172538
-1.3229566,-0.46285173,0.87460901
-1.12085908,-0.1994098,0.59360141
-0.97553191,-0.15737187,0.35909136
-1.3229566,-0.46285173,0.87460901
1.26355312,-0.36197855,-0.42129892
-0.89443794,0.17952408,0.25158339
-0.35947288,-0.10282434,-0.22526565
-1.3229566,-0.46285173,0.87460901
-1.3229566,-0.46285173,0.87460901
0.00548289,-0.19232558,-0.12083959
-1.1954937,-0.18128478,0.73503826
0.28000212,-0.28158199,-0.05428567
0.34175586,0.03324882,-0.69791875
-1.3229566,-0.46285173,0.87460901
-1.10299342,-0.27786373,0.53190378
1.83618895,-0.20947352,0.49275118
-1.2831271,-0.42205723,0.80234944
-1.3229566,-0.46285173,0.87460901
0.77420382,-0.22104881,-0.36864796
-0.97054715,-0.17400043,0.44427777
-1.21758975,0.06312329,0.74851161
-1.30366038,-0.30658916,0.81088415
0.36195495,-0.45668644,-0.4017307
-0.84056747,-0.18542109,0.26778846
-1.2563667,-0.35689338,0.77396649
-0.9229417,-0.41555035,0.40549247
-1.23097491,-0.42037553,0.79033323
0.31392717,-0.41601326,0.16335283
0.76222518,-0.22490877,-0.91349815
-1.30772294,-0.45107787,0.86010352
0.18093184,-0.47755223,0.06212872
1.44321675,-0.37609357,-1.88996387
-1.3229566,-0.46285173,0.87460901
0.82868479,0.75376399,0.16370869
-1.3229566,-0.46285173,0.87460901
1.64931142,-0.13522116,0.48484593
-1.2700731,-0.4107531,0.81808245
-0.01979968,0.59827752,0.84923567
0.71654032,-0.08421633,-1.11958154
0.01092299,-0.41285714,-0.18884419
0.35037423,-0.19536408,-0.48979921
-1.3229566,-0.46285173,0.87460901
0.08372909,-0.20757632,-0.1797894
0.0828197,-0.50535902,-0.38824466
-1.07971412,1.36404218,0.5483261
-1.31169632,-0.44240792,0.8617338
-1.3229566,-0.46285173,0.87460901
-1.18902466,-0.34599245,0.73239859
0.08205837,1.91123127,-0.40365043
3.83954099,0.36670039,1.11996062
-0.87312012,1.74567717,0.31890111
1.34034838,0.05309714,-0.43339912
2.48632122,-0.12259426,-2.60631811
-1.3229566,-0.46285173,0.87460901
0.41822714,-0.481809,-0.15714939
-0.20394393,0.05493665,-1.27545036
-0.05894016,-0.51225643,-0.52741349
-1.27550295,-0.39694059,0.80851097
-1.3229566,-0.46285173,0.87460901
-1.3229566,-0.46285173,0.87460901
-1.3229566,-0.46285173,0.87460901
0.29244997,-0.28903033,0.07746216
1.69927184,0.22080543,-0.28296669
0.50013044,-0.25175506,-0.74367394
0.50006524,-0.50328458,-0.47768833
-0.48382764,0.08505983,-0.19525415
-0.31395453,0.19208406,-0.62007109
-1.1684464,-0.33965763,0.60969851
-0.89631017,-0.19092428,0.35705779
0.86980814,-0.37296929,-0.9085325
-0.33884053,-0.43339649,-0.66922549
1.19975168,-0.35874509,-0.12525899
0.44913875,0.35075892,-0.81586328
1.78969412,-0.15866442,-1.84160734
-1.3229566,-0.46285173,0.87460901
-1.11573756,0.47000695,0.56084577
-0.7356365,-0.20524844,0.13861154
1.37350126,-0.38581729,-0.48274493
-1.24578895,-0.41789687,0.8017087
-1.3229566,-0.46285173,0.87460901
1.4333681,-0.30341902,-0.53663408
1.60601311,-0.1475261,-0.72337043
-1.27899713,-0.41662924,0.82355713
-0.84280488,0.15756999,0.39053569
-1.2691919,-0.42484335,0.81270738
0.35637056,-0.47196634,0.0931638
-1.27562809,-0.41584981,0.82123822
-0.97576817,-0.22085333,0.33822102
1.53070606,-0.38754657,-2.04498651
-0.40403447,1.36691519,-0.26889602
-0.98015063,-0.22263751,0.34263021
-1.24489152,-0.42957737,0.80347461
-1.29010063,-0.41985585,0.83837688
-0.9901751,-0.22560465,0.3534414
-1.06745653,0.21811544,0.58683369
3.06834986,0.49809204,-0.25869674
-0.63442144,-0.45424631,0.27824591
0.40880603,-0.22825663,-0.81880406
-0.77796264,-0.24920331,0.19168902
9.79E+01,-4.60E-02,6.55E+01
-0.86669794,0.06420023,0.22886758
-0.66976177,0.25466017,0.20417004
-0.97178604,-0.47487942,0.33365948
1.90177801,-0.24189562,-1.74465508
-0.20884122,-0.14332036,-0.05387123
0.89704628,-0.05478388,-1.03360971
-1.08705089,0.12835081,0.47422451
-0.81318519,-0.40418327,0.08247785
-0.73459089,-0.01902514,0.06232609
-1.16118963,-0.24847504,0.6186619
1.26324251,-0.27747102,-0.14282278
-1.1831469,-0.52338022,0.76593813
0.14896087,-0.3843023,-0.63900949
1.67959307,-0.36758835,-1.00463417
2.09340388,1.197899,-0.8267896
-1.20891242,-0.49518993,0.67735905
2.3047239,-0.25791322,-1.15729997
-1.22273473,-0.40989388,0.77847415
-0.79897068,0.04079288,0.10794738
-1.16402828,0.24760654,0.69618202
-1.24957348,0.83712931,0.78778426
-1.3931715,-0.31302796,0.83869651
0.87640501,-0.05030818,-0.17952724
1.18719837,-0.50047726,-1.05269731
2.41200953,-0.06980555,-0.566952
0.06854857,-0.46609165,-0.0124403
-1.23213312,0.26757832,0.76166826
-1.5625744,1.96523448,0.96456697
-1.3229566,-0.46285173,0.87460901
-1.3229566,-0.46285173,0.87460901
0.03173889,-0.47849748,-0.20103656
-0.83934677,-0.23456505,0.20003421
2.17351531,0.16860875,0.0166511
1.0999852,-0.33431349,-0.79567438
0.76154275,-0.43193095,0.57295198
-1.3229566,-0.46285173,0.87460901
-0.81274048,0.60521287,0.2000251
-1.12006024,0.26214554,0.60057189
2.79811777,0.28821345,-0.83778392
2.06277618,1.18902249,-0.62740795
1.9793237,-0.57892833,-1.27254325
-1.44542686,-0.46019622,0.96248956
-1.30662714,-0.38933803,0.82962681
-0.91417821,-0.30441089,0.18667874
-1.08015992,0.52739824,0.4282096
1.44239113,-0.21000256,-0.25064537
1.74421811,1.99785047,-0.76703818
-1.22816664,-0.20711971,0.79289586
-1.19064128,0.46655913,0.71174402
-0.92561512,-0.19169942,0.44975284
0.27112324,-0.36866381,-0.71482626
-1.27096936,-0.37802025,0.8009214
-1.15145104,-0.09360852,0.63529643
-1.22267868,-0.16998752,0.77177043
2.66924094,-0.31176011,-1.01013408
1.84391084,-0.22660097,-1.56568335
-1.31856389,-0.45718268,0.86968641
-1.04345761,0.06454606,0.35061101
2.50295509,-0.13035949,-1.11111678
0.90235476,-0.43812262,0.99514729
-1.2802677,-0.43559004,0.83387554
-1.23634806,-0.25162416,0.72452327
-1.33768804,-0.23933375,0.83834602
0.3808868,0.20898144,-0.30647539
-0.8396333,0.16253677,0.24264885
0.40628102,-0.16155556,0.07420965
0.40568009,0.00698521,0.47895698
-1.25094437,-0.41710243,0.80175764
-1.3229566,-0.46285173,0.87460901
2.20937388,0.19777248,-2.10698193
0.04165135,0.12583313,-1.14819365
-0.43167819,0.15369062,-0.13019373
-1.3229566,-0.46285173,0.87460901
-1.26553876,-0.4094886,0.81126246
1.05782947,-0.37044454,0.11335922
-1.24324843,0.04302267,0.77888566
-0.99913183,-0.28576731,0.48768402
-0.28240787,0.30800221,0.35506233
2.4324708,0.62003737,-0.94578698
4.1680777,0.64080335,0.17300654
2.02674557,0.78273899,-1.41556402
-1.19173815,-0.49259577,0.7399294
-1.31270476,-0.34700646,0.77204527
0.53638996,-0.27194613,-0.01411616
-1.3229566,-0.46285173,0.87460901
0.30029674,-0.40958567,-0.13663093
2.50891744,-0.1312644,-1.11921403
-0.12291241,-0.18334266,0.53465045
1.68489008,-0.56372558,-1.11275309
-0.73228634,-0.41850579,0.2075633
-0.53050793,-0.02992265,-0.01718641
0.79585923,-0.29170387,-0.54854489
1.01736476,-0.21142617,-0.17309795
1.26508176,-0.35012965,-0.30789926
-1.3229566,-0.46285173,0.87460901
-0.31152139,-0.03908562,0.4169722
-1.22026633,-0.41842856,0.78118752
-1.3229566,-0.46285173,0.87460901
-1.26386091,-0.39632691,0.80028726
-1.3229566,-0.46285173,0.87460901
0.7707136,0.75843066,0.25587053
1.4878034,-0.376951,-1.11419004
-0.01878632,-0.55292227,0.13265312
1.85297127,-0.33011871,0.40672426
-1.33528824,-0.40111823,0.87004313
-1.3229566,-0.46285173,0.87460901
-1.3229566,-0.46285173,0.87460901
-1.3229566,-0.46285173,0.87460901
0.11078407,0.9032905,-0.38572712
-1.20432945,0.86003058,0.73533973
0.59297633,-0.51000549,-0.5214396
-1.33387283,0.98518651,0.81315486
-1.3229566,-0.46285173,0.87460901
-1.26245616,0.7813632,0.79878651
-1.3229566,-0.46285173,0.87460901
-1.3229566,-0.46285173,0.87460901
-0.86656649,0.22764958,0.29924846
0.97459817,-0.33528252,-1.32567357
0.19233717,-0.21831682,-0.47144672
0.70381298,-0.33718288,0.08491343
0.44811546,-0.57677233,-0.14652221
2.20577498,0.32042545,-2.50389933
1.54709907,-0.35203484,-0.24435115
-1.3229566,-0.46285173,0.87460901
-1.3229566,-0.46285173,0.87460901
1.1900736,-0.50060789,-1.05523184
-1.61177363,2.04737458,0.98152312
0.6232578,-0.11174512,-0.75277384
-1.26749171,-0.42227195,0.81779619
2.4303316,-0.07251715,-0.57104449
0.20412032,-0.94562805,-2.11544626
0.43661008,-1.78185497,4.20962016
-0.03428999,-4.41893212,-3.29476317
-0.68146401,-4.45420066,-3.53363273
-0.68118914,-4.46806484,-3.50146836
-0.78767497,2.76045594,-4.74855608
-0.74436904,3.72452992,-6.24076624
-0.68134306,-4.46698462,-3.50780578
-0.77888846,-0.57472876,3.10840499
-0.06833599,-4.36023432,-3.09101709
-0.80478258,-0.98563936,6.62812079
-0.73909277,-3.51832649,-0.47080506
-0.14229109,12.59413026,-11.78450315
-0.29095796,-1.91973723,0.46481364
-0.06765124,-4.49051712,-3.36851432
-0.7829796,4.7683136,-8.25171477
0.58646368,-3.65574456,-0.90066376
-0.74565177,-3.93254008,-1.16916101
0.08501558,-3.77530304,-1.30971145
-0.79922634,5.64810085,6.0257825
0.32201248,2.39717726,3.56486871
-0.47410273,0.75116811,0.58033819
-0.29013713,-1.32989832,0.3327426
0.43368106,2.85951399,4.06645905
0.19862174,5.57267929,-7.22794022
-0.54051407,-1.43679988,-0.39988585
-0.74570673,4.54849948,-4.36288095
-0.80149702,8.16567994,2.79976637
2.84E-03,-3.28E+00,-4.38E-01
-0.53674117,-3.97432513,-1.7213703
-0.78113631,-2.36767729,5.36851248
-0.78675929,10.83067738,-4.31944283
-0.78418443,5.9894113,0.32599011
-0.81141957,4.38089868,7.86034729
-0.73925033,-3.43830605,-0.37784622
-0.01505445,8.17718752,-6.25861219
-0.77506884,-2.74012002,1.84823573
-0.78337238,2.91536626,5.02407056
-0.78553659,-0.08911688,-1.64972179
-0.75037861,-3.74272904,-1.26832303
-0.77521101,-2.77974229,1.952355
-0.77532503,-2.72027086,1.83705373
-0.79463088,16.76782306,-3.83980817
-0.78971236,13.93399694,-5.69261972
-0.77493038,-2.7660007,1.74094507
0.15905278,11.33030068,-4.33010064
-0.74556669,-3.95637172,-1.1704
0.84374515,-3.13147027,2.26521577
-0.74550346,-3.99163992,-1.20200156
-0.54045671,-1.4244011,-0.41202995
-0.61490605,-3.6531414,-0.75222039
-0.77503924,-2.75116525,1.67196484
-0.28998991,-1.42648223,0.27808543
-0.74460478,2.76841328,-1.73485753
-0.81180873,8.75505452,3.55141943
-0.50757246,-3.11249573,0.80632994
-0.59394881,-4.31163894,-2.99131604
-0.56559879,1.14411761,-3.97049863
-0.78448627,9.17996198,-3.34349301
0.19809455,-3.76661512,-1.22278508
-0.77963851,-2.10147073,5.2464229
-0.57079405,-0.8343132,-3.05369384
-0.29163443,0.04288001,-3.08270465
-0.68163802,-4.41723686,-3.39894648
-0.88088049,10.99168769,-3.25434002
-0.54255022,-0.71524887,0.949178
-0.53903981,-3.65283094,-0.8019336
-0.78591358,6.9418603,2.38742593
-0.48381189,-3.95931753,-1.30700322
0.58510874,-3.2826185,-0.54207137
-0.78612645,-0.22136739,-2.80198416
-0.74460815,2.8199015,-2.17728744
-7.85E-01,6.77E-03,7.87E+00
-0.77507167,-2.76014144,1.87831915
-0.54616701,4.78105146,-2.40199502
-0.54601066,4.56234351,-2.51878026
-0.78211857,-0.99088928,8.56896176
-0.76795964,-1.5913808,4.44599473
1.08898942,-1.43507909,2.5594725
-0.14226033,12.46688689,-11.59140438
-0.73976661,-3.39844225,-0.12274946
-0.12617892,5.21414286,0.4815286
-0.70269614,-4.40410558,-3.21291654
-0.61994909,-0.94688385,2.40160309
-0.77811752,-2.21387378,3.94613808
-0.5423694,0.49887561,-0.57474716
-0.81228462,-4.38134418,-3.11018336
-0.77867139,-2.51647057,4.27338535
0.57771934,-1.41300342,3.877102
-0.68146401,-4.45420066,-3.53363273
-0.74215275,3.05031802,-4.4311625
0.02679703,-3.27845329,-0.8217967
-0.68146401,-4.45420066,-3.53363273
-0.53958789,-1.25524993,-1.83164843
-0.56550741,1.14836642,-3.95901488
-0.73970766,-3.01987204,-0.05182143
-0.73957279,-3.45645003,-0.28810525
-0.1905098,-3.02739619,3.21314708
-0.25974577,0.79075692,1.23474404
-0.77594609,-2.88028375,2.38138579
-0.56448201,-3.72271085,-1.40797532
-0.73821275,-3.82609994,-1.01801708
-0.29382735,1.95078651,-0.60514733
-0.7807926,-0.0097016,5.54216976
-0.54466226,-3.50584293,-1.14689874
-0.6746568,-1.98675113,2.4339022
-0.19080719,-2.90302097,3.32914683
-0.6278724,-3.82877649,-1.24051283
-0.21397206,-1.91329248,-0.19025128
-0.76219875,11.44561547,-1.66876483
-0.83151967,-4.47941712,-3.44334862
-0.77694599,3.53363576,-6.64260208
-0.76805578,-3.42097241,-0.95380871
-0.7850127,5.51781833,3.91235356
-0.78686633,3.24453431,7.86432926
-0.83766784,-2.03562226,3.2327345
-0.7828712,3.8468474,3.48485726
-0.79003341,8.08078196,5.48106205
-0.82485686,-1.57442159,3.17555987
-0.64334657,3.887271,7.71443729
-0.77263922,-2.35690828,1.73867714
-0.74157976,0.43935058,-1.80991691
-0.63625168,-1.01784992,3.80113804
0.08517612,-3.80161255,-1.45278237
-0.77576365,-2.54915879,1.61510712
0.16987461,-3.86277485,-1.30177255
-0.78784094,10.72412049,1.55965171
-0.78012038,-1.0387576,5.04312475
-0.3755247,1.93491539,-2.34512713
-0.77880809,-1.07010952,5.00998973
-0.7455612,-3.98778237,-1.20322545
0.22596946,-2.98621754,0.22661531
-0.80917007,4.46275232,6.82162401
-0.79548275,16.13665212,1.18232968
-0.51936803,-4.36294718,-2.9604783
-0.6386407,6.69737697,-2.05863563
-0.63871164,6.88020632,-2.26465648
-0.45924603,-4.1314339,-2.44709301
-0.77959855,-1.20853791,4.98288348
-0.77308599,-1.85402129,2.42563931
0.86678453,-2.34016954,-0.91388806
-0.53815992,-3.69192065,-0.88135288
-0.46421822,-2.54964011,5.19686435
-0.19058051,-2.98790355,3.25865841
0.08510936,-3.80898897,-1.29316433
0.08519375,-3.80950659,-1.47792985
-0.57176824,0.29109869,-5.03426976
0.65633477,-2.06683212,-0.71247902
-0.74307502,-4.03932308,-1.86405094
-0.68128618,-4.46745024,-3.51261871
0.16908449,-3.85958943,-1.35236091
-0.47057,-2.42912758,-0.3412837
0.55700746,0.50440059,4.44150692
-0.74916658,-0.86258457,-0.52354197
0.25138326,-4.47633012,-3.3439803
-0.77462314,-3.1836361,1.32375721
-0.61320475,-4.3566615,-3.04560712
-0.77450597,-3.06489326,1.56085411
-0.47060459,-2.41268353,-0.31825172
1.08722755,-2.83549595,2.30914859
-0.78273316,-2.61572756,5.58085706
-0.77775,-2.57836273,2.99486673
0.17004241,-3.9303399,-1.74136041
-0.78202988,-1.18172917,5.6376384
-0.74496869,3.07318297,-1.64441365
-0.78588744,-0.5097733,-2.15814524
0.08512525,-3.79635596,-1.41325298
-0.78513612,8.99611124,-0.98404187
-0.78731131,6.77192227,3.51734633
0.17010032,-3.93446168,-1.77736594
-0.78046177,-1.94922972,5.03971522
-0.4705102,-2.47155448,-0.35688674
-0.77936882,-2.39712243,3.86501643
-0.77370413,-1.83292296,2.56218005
-0.77945027,-2.80198137,4.23026742
-0.70274242,-4.39636431,-3.18608454
-0.47055952,-2.40332343,-0.43917489
-0.78360266,1.54525934,6.55124307
-0.78510857,8.35167913,-3.57535463
-0.74670896,-2.52247451,0.34144634
0.08199777,-3.74682235,-1.20975707
-0.63487275,3.97547915,-3.66798312
1.04719271,2.68571021,6.20166512
-0.47383904,0.48367656,0.49882889
-0.29065688,-2.18729234,-0.47679682
-0.77078421,-3.70593557,-1.20799954
-0.680929,-4.5045876,-3.52469974
-0.68879414,-3.25298533,1.06390783
-0.3742763,0.61559331,-2.47070384
-0.39060127,-0.56274133,1.14423729
-0.78024635,-1.6983395,6.12413482
-0.12484354,6.66231825,-5.40174862
-0.69392085,-4.36700927,-3.15040743
-0.12490316,6.73128554,-5.46161571
-0.19074385,-2.88811752,3.33333318
-0.28974177,-1.47759999,0.18769365
1.78111691,-3.4008385,0.63936069
-0.72826863,-1.71291887,4.73581151
-0.78647221,5.49585026,5.51903729
-0.78045621,-2.00544268,6.00672453
0.9352738,-0.28347402,1.93651089
-0.77940476,-2.73744011,4.3732238
-0.29093414,-1.93679178,0.45935258
-0.46915811,-3.03151955,-0.66709342
-0.68151752,-4.43958963,-3.43743055
-0.77296442,-1.88559672,2.39915998
-0.68145436,-4.37227925,-3.26153899
-0.78990381,14.09940306,-4.55667754
-0.74259522,-2.41905771,-1.155743
-0.78085695,1.43153906,4.21510061
-0.74559002,-3.97302437,-1.19322081
1.04846691,-1.78241351,2.29660619
-0.78023556,-2.21849639,5.74955004
-0.77975619,-1.47532037,4.72801755
-0.7802201,-1.58255224,4.84877716
-0.77975283,-1.28567489,4.57091669
0.58506848,-3.2806505,-0.53693404
-0.76897857,-4.1301011,-2.80980725
-0.7729557,-2.14689446,2.23018379
-0.56910865,-4.42589157,-3.37735788
-0.61642973,-2.20295403,0.34220292
-0.68146401,-4.45420066,-3.53363273
-0.78146221,-1.20921399,8.04759662
0.58508738,-3.2972148,-0.59102141
-0.7748835,-2.41358363,2.76396396
-0.65490922,-4.48682412,-3.41742569
0.29248394,-1.75666458,2.44590489
-0.68146401,-4.45420066,-3.53363273
-0.74674089,-2.5234985,0.37057388
-0.52577416,4.45839251,3.52622165
0.61853856,4.63654738,3.6557199
-0.56210776,5.06558043,-6.32494224
-0.75135938,0.4529477,0.38149799
-0.52594804,4.55689467,3.46485165
-0.78170127,-1.23637017,5.14554827
0.20413676,-0.96919854,-2.09696436
1.6613888,2.80179066,9.84510009
0.86539577,-1.97024599,0.05417784
-0.74291777,-3.96406307,-1.95106761
-0.77988124,-1.49071122,5.07478596
-0.77818953,-2.57626388,3.55303748
-0.29048675,-2.2562996,0.33136757
-0.29048598,-2.31168758,0.41738634
-0.19118754,-2.96436369,2.77008486
0.92893243,-0.88959781,-1.26333455
-0.46631649,-2.80434038,-1.06414691
-0.76767047,-1.61536105,4.40859727
-0.27151742,-1.91051987,2.46195365
-0.53895134,-3.69814876,-0.85321389
-0.77730553,-2.95450666,3.33672838
-0.74565899,-3.94127059,-1.16736234
-0.77523955,-2.91178427,1.82009836
1.76819559,3.49391972,5.57818437
-0.7845463,4.70352114,4.77877975
-0.78575471,5.99677006,1.36807302
-0.791475,12.70695951,-0.16911152
0.58445068,-3.38070543,-0.26220921
-0.81046357,2.29082504,8.04598366
-0.2103609,-3.92280548,-1.66642563
-0.78606939,4.06815629,6.36677954
-0.74665609,-2.55005159,0.31332462
0.8031612,12.89270337,-3.36041854
-0.78722686,5.12674775,5.42433502
-0.7837896,8.4154499,-5.65319874
-0.78631998,5.47577586,4.61534448
-0.68122421,-4.49015871,-3.46770873
-0.73738997,15.28578385,-1.2032788
-0.74222993,-4.1346284,-1.80845708
-0.7823116,-0.95386656,8.6309651
-0.78595686,6.91946757,3.04234501
-0.78051836,-2.18228508,5.20751248
-0.37805679,-2.96525442,0.38518704
-0.16956011,9.88956096,-7.13545995
-0.74229012,-4.11978312,-1.77001359
-0.74560805,-3.96445074,-1.18661006
-0.76771392,-1.64458515,4.07297795
-0.73953359,-3.71188016,0.67062079
0.44548612,-0.91257536,4.08009302
-0.21047461,-3.95350846,-1.73239847
-0.12206159,-4.19307732,-2.16705438
-0.77535702,-2.51104911,2.52364377
-0.53877793,-1.54778665,-2.45304712
0.68044588,-4.38699873,-3.39722507
-0.7926291,8.93922192,6.91561136
0.58426148,-3.33509072,-0.03782907
-0.19075385,-2.90310803,3.33551188
-0.19080268,-2.86126881,3.35633931
-0.78538861,5.04863816,2.46332048
-0.77613249,-2.21399855,2.25222767
-0.332352,4.44088398,-2.01851229
1.19779276,1.74458357,2.65263233
-0.27078708,-2.39189179,2.51700137
-0.75951244,-1.48128063,5.57219504
-0.76011332,-1.45264645,5.47192112
-0.47458157,2.04078668,-0.74474837
-0.29103967,-1.86122169,0.48355099
-0.21051879,-3.94432081,-1.68812726
-0.78105405,-1.29922519,5.33115702
-3.68E-03,4.86E+00,-3.78E+00
-0.75076592,3.75918149,-3.2838447
-0.14754509,-0.07172042,-0.93401808
-0.33269386,-0.40722014,0.25471323
-0.17696038,-0.25703353,-0.01581976
-0.39311548,-0.12229562,0.24584223
-0.10766542,-0.15518451,0.15565638
-0.40623262,-0.32854705,0.23970217
-0.24145443,-0.2641763,0.22647928
-0.36968723,-0.30640892,0.24774575
-0.32010419,0.45472128,0.25891478
0.34181505,-0.14221422,-0.14825787
-0.0758136,-0.01646883,0.29844785
-0.33242159,-0.40674676,0.25404521
-0.49011575,-0.17859324,0.17357266
0.25242418,0.74374439,-0.34472561
-0.36942758,-0.3082928,0.24631522
-0.28803253,-0.13560929,-0.54003929
-0.25951773,-0.34457816,-0.01481674
0.56201293,-0.22427678,-2.63596523
-0.52205177,-0.29408642,0.24958863
-0.14459562,-0.48978845,0.24750163
-0.37380013,0.01935716,0.2473028
-0.30363746,-0.31163531,0.17350556
-0.38436717,-0.00736643,0.24535412
-0.40273025,-0.32577841,0.23947608
-0.35612872,-0.30096831,0.25772143
-0.26990888,-0.2652762,0.05497294
-0.15264414,0.0843392,-0.55220476
-0.01333733,-0.05000729,0.25006337
-0.35846407,-0.40873088,0.25502225
-0.37215183,-0.31343963,0.246887
-0.14048482,0.3892594,0.26927958
-0.36957861,-0.30763655,0.24666058
-0.32420626,-0.3065111,0.25299528
-0.39236169,-0.32377338,0.18465856
-0.28456943,0.74815386,0.24832283
0.11267801,-0.30678457,0.25293929
-0.36788612,-0.30705236,0.24649597
-0.37965021,-0.3916564,0.19935711
-0.45441903,-0.24363265,0.24784357
0.21752638,-0.08930119,0.18849898
-0.28193683,-0.18542779,0.32063245
0.40292502,-0.3843304,0.2351752
-0.27277446,-0.2231579,0.24991739
-0.37891922,-0.3660792,0.24374801
-0.37992447,-0.06287562,0.25480302
-0.39059698,-0.49351661,0.26140079
-0.09510792,-0.45773729,0.25488293
-0.04390308,-0.06294245,0.23967241
0.50984849,-0.09087639,0.10358409
-0.40140002,-0.3449028,0.22483931
0.18792882,-0.34588997,0.22067826
-0.04099502,-0.24173871,0.33610765
-0.1596234,0.28451503,-0.31270881
0.00036167,-0.03839011,0.15689114
-0.10346407,-0.03072154,0.00182938
-0.32329733,-0.33964422,0.25193857
-0.00867762,-0.30033334,-0.01915861
-0.16945611,0.70300727,0.11057503
-0.08545985,-0.24508702,-0.0483734
-0.27806841,-0.40846816,0.18587492
0.08981821,0.16662927,0.13507205
-0.37618135,-0.31433126,0.25140328
-0.36958989,-0.31171246,0.23859539
-0.36609225,-0.31625445,0.15358667
0.12916815,-0.10911394,0.2081603
-0.04948343,-0.03047262,-0.13166614
-0.33938236,0.28187977,0.25868682
-0.09927274,0.80099691,0.26965945
-0.3097237,-0.24289049,0.25484071
-0.41438407,-0.34872812,0.24928236
0.02757971,-0.03124793,0.18739132
-0.32474427,-0.32051303,0.2723833
0.09454553,-0.22041099,0.28956606
-0.06674464,-0.27519339,0.24451318
0.19548058,1.23259364,0.22880997
-0.17125302,0.33665479,0.25915458
-0.30595622,-0.33994134,-0.11555756
-0.2162325,0.19185385,0.28889707
-0.26184487,-0.41737368,0.24757618
1.20442902,-0.40126298,-1.17011554
-0.26539556,-0.41558037,0.24767622
0.00971064,-0.20846047,0.119471
0.2213809,-0.31820839,0.24478465
0.23310343,-0.24259985,0.14592512
-0.36853259,-0.3078756,0.24142502
-0.512065,-0.3480231,0.24734142
-0.02271646,-0.21896945,0.22340043
-0.29079776,-0.27929786,0.24858103
-0.02299257,-0.09327055,-0.9583728
-0.15350855,-0.1363526,-0.70208716
-0.37273762,-0.32218315,-0.04419887
-0.33316662,-0.40689789,0.25544922
-0.32097864,-0.37200588,0.25568804
0.317908,-0.33621399,0.11817581
-0.37067862,-0.30720174,0.24326323
-0.06759519,-0.27625954,0.25068176
-0.01111285,-0.21545925,-0.47782683
-0.14683259,0.47525857,0.24603037
-0.34929791,0.30816494,0.26114714
-0.09596652,-0.45543709,0.25375726
-0.34854042,0.31400545,0.26197001
-0.05227956,-0.29431261,0.244977
-0.36839159,-0.30709761,0.24515741
-0.28069283,-0.23851736,0.22384995
-0.37372728,-0.31529752,0.24774946
-0.26172863,-0.41738955,0.24763112
-0.41816276,-0.34804353,0.25648632
-0.36553893,-0.31067307,-0.27089413
-0.07529708,-0.30257422,0.19231166
-0.0821506,-0.31083177,0.25069738
-0.37082429,-0.30762504,0.25205535
-0.37051848,-0.31150197,0.25127177
0.27168995,1.03780763,0.3231589
0.21016676,-0.18879859,0.1924468
-0.28038304,-0.03344508,0.25705658
0.1729215,0.42012213,0.25808852
-0.15822181,-0.04877588,0.25063205
-0.37122511,-0.31018077,0.24874019
-0.31262002,-0.31376161,0.22266944
-0.35047421,-0.36102773,0.26041141
-0.11358497,-0.03761722,0.22584826
1.54028169,-0.34595675,0.16925795
-0.02304583,-0.1372104,0.24946914
-0.02052173,-0.19180489,-0.3683511
0.60392796,-0.33496204,0.25904266
-0.32370276,-0.33951331,0.25180154
-0.37514633,-0.31270109,0.24783689
-0.36869846,-0.30725662,0.24546411
-0.41200971,-0.28854931,0.24389908
-0.05380009,0.21735376,-0.26513258
-0.24158112,0.16618309,0.11320575
0.19760813,0.57875871,0.17840518
-0.37052082,-0.3065447,0.24799748
-0.33083483,-0.29765326,0.24315618
-0.20602087,-0.00095255,0.26526342
-0.36771747,-0.31389284,0.24630399
-0.37062218,-0.30761701,0.25191608
-0.06111189,-0.27253587,0.21435885
-0.37595933,-0.30599948,0.24901794
-0.44922264,-0.15915077,0.25223511
-0.00576131,0.15279969,-0.07972482
-0.26513069,-0.41640392,0.24896695
-0.39188274,-0.34558616,0.24260973
-0.08220564,-0.33825433,0.26006453
-0.39229449,-0.49602306,0.26402578
-0.26800103,0.24685277,0.15907159
-0.3696131,-0.30640727,0.2448153
-0.2631396,-0.41719687,0.24696421
-0.4074956,-0.00299464,0.22947
-0.06798727,0.83566167,0.21265915
-0.33288107,-0.40698295,0.25481055
-0.37728991,-0.07030864,0.25119835
0.47055377,-0.29840555,0.02351141
-0.27448819,-0.37051234,0.4752192
-0.06995605,-0.30191738,-0.3259851
-0.06527767,1.43372889,0.17810134
-0.25032938,0.05197669,-0.09173003
-0.441525,-0.19432879,0.19441561
0.02482314,-0.0040639,0.12505963
-0.35796995,0.0024071,0.24821155
-0.3738218,-0.30386071,0.24541365
-0.36397988,-0.30947559,0.24674469
0.18553942,0.26244894,-0.09259965
-0.28954259,-0.28241851,0.12055962
0.38027373,-0.11069395,0.20993188
0.14665148,1.08151573,0.05394238
0.50489164,-0.32689592,0.19490019
0.14518711,0.67102414,0.14632747
0.19006924,-0.0377579,-0.07916682
0.59505458,0.43564244,0.20150646
0.01522671,-0.08372086,-0.60160854
-0.32480223,0.47271405,0.25630891
-0.26701519,-0.22239958,-0.0168803
-0.36934284,-0.30912608,0.2501414
0.43903995,-0.26585139,-0.30290059
-0.11102862,-0.10108244,0.21172793
-0.34306606,-0.29232078,0.23825869
-0.23723416,0.04182658,0.15498713
-0.32778462,-0.04681465,0.29113887
-0.26696667,-0.30896006,-0.43432448
-0.28942186,-0.36058709,0.25152761
-0.32917892,-0.27654929,0.18880343
-0.36362875,-0.32861148,-0.56812522
-0.5143426,-0.04289459,0.2382299
0.71495844,-0.34705757,0.15495489
0.19117739,1.306848,-0.32331001
1.61666771,-0.26162107,-0.65896236
0.02906854,0.31239756,0.25024623
0.28683441,0.39744722,-0.52054789
0.17269934,0.02276638,0.20998527
-0.2827555,-0.26927293,0.25546715
-0.29816384,-0.35648006,0.22567059
0.09488617,-0.48951679,-0.42453287
-0.19172475,0.60961087,0.2696434
-0.29086786,-0.28477099,-0.00682018
-0.30894659,0.24512591,0.03401934
-0.37030061,-0.31288254,0.2472927
-0.35182588,0.0125655,0.20579231
-0.18519781,0.40016815,-1.36864989
1.25460689,-0.08085837,-0.29343599
-0.20667376,0.07378813,-0.51592311
-0.36184348,-0.30572369,0.24779834
-0.36430922,-0.30788081,0.25083958
0.05558187,-0.45955677,0.14163722
-0.30210169,-0.25963672,0.23945912
-0.26459754,-0.42280051,0.2538875
-0.30035951,-0.15318672,0.25064095
-0.31275659,0.28227976,0.23372309
-0.04664158,-0.26946663,0.21353318
-0.18737792,-0.21809472,-0.04425569
0.94861058,0.50117678,-0.79333872
-0.27595311,-0.40887472,0.24838314
-0.33223035,-0.30594759,0.24895078
-0.17248576,-0.2364,-0.21221722
0.13874029,-0.04514898,0.15016118
-0.24936552,-0.24817001,-0.63743791
-0.42214959,-0.2314778,0.23644827
-0.35660325,0.01688635,0.18266585
-0.23876112,0.07313531,0.08232394
-0.09664133,-0.4543721,0.25422458
-0.03003208,-0.02717011,0.32695759
-0.31104804,-0.02692691,0.22805455
-0.10006073,0.48375519,-0.14670657
-0.09640537,-0.03031779,-0.16596208
-0.09740012,-0.11821519,-0.25933693
-0.37833823,-0.39169879,0.25172283
-0.3090788,0.59220521,0.26093556
0.37425411,1.54909279,0.10455822
-0.26314095,-0.41953846,0.25307149
-0.06759741,0.83691203,0.21121857
-0.03153126,-0.04956408,0.25328208
-0.13087117,0.4522747,-0.1431991
-0.38078793,-0.2879706,-0.37645841
-0.2729556,-0.03473747,0.23803697
-0.07852121,0.63751859,0.21118596
-0.30456193,-0.28315016,0.2463926
-0.26876139,-0.42089395,0.25146506
-0.03146263,-0.04957799,0.25327739
-0.26729351,-0.42357794,0.25331298
0.37231692,0.5399579,-0.58227264
-0.06701141,0.83670797,0.21111785
-0.18647633,0.05672599,-1.04804331
-0.26618148,-0.42325727,0.25354995
0.15204001,-0.34348982,0.26155096
-0.0923931,-0.04361543,0.253153
-0.23350048,0.03328887,0.47711413
0.02258279,0.3830376,0.11747792
0.66920923,0.47334146,0.06080453
-0.40512177,-0.33861564,0.24138874
-0.0966535,-0.45435837,0.25420533
-0.33104383,-0.33626795,0.25407576
0.83201959,-0.49721076,0.0159825
-0.37176913,-0.3108001,0.24278655
-0.2010205,-0.1535057,0.22165064
-0.39191659,-0.49432639,0.26397819
-0.37071124,-0.30513216,0.25167101
-0.01797733,-0.0753128,-0.47127464
-0.24757354,-0.2253504,0.19895471
0.82652142,0.79368929,0.20233459
-0.36878783,-0.30772934,0.247412
-0.34824077,0.16512868,0.24512169
-0.58443755,-0.24289087,0.19673542
-0.36863862,-0.30915133,0.24751723
-0.09962531,-0.45492502,0.25562965
-0.34532129,0.01810627,0.23859107
0.16574619,0.03236494,-0.01009615
-0.28091208,-0.24820668,0.24691827
-0.36904558,-0.30802694,0.24702724
-0.26233956,-0.31902129,0.05235719
0.21071483,-0.05389867,0.23720983
-0.29718683,-0.3725959,0.25265339
-0.26715818,-0.42353892,0.25334182
-0.09960473,-0.30717323,0.11074021
-0.05230849,-0.29441105,0.2450332
-0.26298577,-0.42233572,0.25423097
-0.38844989,0.74437736,-0.41896419
0.1452932,0.67129769,0.14549863
-0.28854762,-0.24430982,0.24835545
-0.28940197,0.04921606,0.16662161
0.05853962,-0.44559706,0.25853565
0.08720632,-0.04734055,0.26850229
-0.36907107,-0.31238566,0.24811464
-0.04510755,-0.04740005,0.24366564
-0.3745767,-0.31320773,0.25244242
-0.01815668,-0.07584071,-0.47129802
-0.33557655,-0.23216579,0.25087661
0.00406848,-0.35009557,-0.5828468
-0.26602187,-0.42321124,0.25358397
1.29641296,-0.13894089,0.08598126
-0.17307311,0.59237157,0.24593782
1.04314885,-0.56714595,-0.02454352
-0.30837959,0.59244332,0.26102925
-0.3707407,-0.31177174,0.25495076
-0.05405222,-0.27447114,0.25460598
0.15044615,-0.28851229,0.24992628
-0.42984767,-0.2147219,0.18815031
0.03559759,-0.016372,-0.59248274
0.05073103,1.14030847,0.010625
-0.09019728,0.49937789,-0.32337297
0.774709,-0.15015356,0.19212761
2.57811108,3.81881181,1.33826485
2.72839034,6.69344853,3.16355209
2.67150892,0.9377454,-0.16559263
1.89869165,-2.11534346,-0.39519967
2.65206045,-2.13928435,-0.36175675
2.65215082,-2.09736616,-0.34054426
2.65228119,-2.04411154,-0.3217846
2.73960942,1.02308307,0.6292362
2.65238522,-2.01178627,-0.31158973
1.93936055,-1.20200157,-0.46273893
2.73931409,-1.37821759,-0.4686111
2.71949704,-2.07898381,-0.44678525
2.57625428,-2.10903226,-0.41972389
2.3248308,-2.07061198,-0.42950792
2.61278348,2.08580239,0.82408914
2.65227448,-2.16513569,-0.41126522
1.22845783,3.45780075,-0.95200614
2.65205839,-2.22117989,-0.43418302
2.72619536,-2.02180743,-0.40388504
2.72724587,1.84520329,1.23546126
2.53707684,2.26919633,0.683162
2.61204408,-1.99061111,-0.36858839
2.57705191,-0.04674926,-0.40743716
2.72108747,2.56948089,-1.8147939
2.69844698,-1.81999201,-0.41192429
2.72781841,4.63825113,3.31207967
2.90591104,-2.1613077,-0.40484255
2.72724189,1.76504326,1.29699037
2.1115366,1.88430272,1.44104883
2.72736129,1.91618278,1.55567959
2.67151839,0.97795499,-0.1427544
2.72706136,1.63126201,1.90157999
3.09E+00,-4.68E-01,-2.63E-03
2.72096447,1.36293155,0.49513396
2.72699963,1.21039312,1.27536362
2.72073744,1.22181392,-0.59674749
2.72753817,3.64699379,2.93616866
2.72728314,2.93613375,2.0572751
2.72731959,1.95250581,1.09855358
2.5763459,-2.12395282,-0.40622702
2.72017111,-1.1226432,-0.431102
2.3248301,-2.0736712,-0.43253371
2.57935399,2.26278494,0.3944085
2.37457279,-0.09193758,-0.64610448
2.72763329,3.48697329,-0.16573245
2.57716317,-1.34539027,-1.09734993
2.57631151,-2.15031771,-0.4019136
2.57709606,-0.30084455,-0.34360818
2.71987672,-2.09010728,-0.42392787
0.87562153,-2.30084314,-0.53335068
2.20469802,-0.22979617,-1.50747695
2.72661926,-0.0933382,-0.65101991
2.72767199,4.01931428,2.20559801
2.72705798,1.08911113,-0.50817483
2.65229035,-2.03176964,-0.32233194
1.79846046,1.11116389,-0.53502101
2.61239358,-1.12800121,-0.59801114
2.71993563,-1.77270984,-0.47961959
2.32556524,-0.57993168,-0.3444483
2.72718031,1.78514043,1.53265129
1.7984642,1.12422841,-0.52858158
2.7274898,3.05205566,-2.08160092
1.60948377,-1.52276934,-0.69554824
2.57722783,0.02314237,-0.53066424
2.57660207,-1.98600678,-0.4569814
2.61218728,-1.90121573,-0.36463518
2.72680356,0.24784233,0.34478597
2.57706925,-0.94472816,-0.33694186
2.57666638,-2.12467885,-0.44873184
2.7275865,3.9014805,3.58564612
1.58803484,-2.32320894,-0.52484363
1.94698464,0.50299626,-0.005205
2.21160028,-2.50343445,-0.51501386
2.72689254,-0.71016789,-0.1894115
1.28590286,2.06466192,-0.19098671
2.5773,0.11581466,-0.8833204
2.32292986,-0.89215553,-1.08793656
2.61288383,0.53661956,1.23425127
2.57700533,-1.62462982,-0.35029219
2.72742608,3.00578775,2.35738731
2.71513745,-1.74687817,-0.38965758
1.66808116,-2.09475774,-0.4504558
2.73966798,1.29151245,0.58064417
2.7270526,0.11066039,-0.68200558
2.72725344,3.16766251,3.32801246
2.90141861,1.49809559,-0.4886847
2.73958847,1.2076742,0.07035914
2.57557631,-2.32860665,-0.49876065
2.65230284,-2.0327107,-0.32250693
2.72147506,4.94054185,3.3296959
2.57690646,-1.39558457,-0.66124938
2.75824496,-2.43612256,-0.63795145
2.55158525,1.30928407,1.02505027
2.71994863,-1.88897916,-0.39559636
2.54013626,-0.12899949,-0.84750269
2.57696839,-0.87436875,-1.64928811
2.90160969,1.24213257,-0.23104535
2.727088,1.39281546,0.92685928
2.65224125,-2.04223367,-0.32252784
2.20468736,-0.2622901,-1.515178
1.94677507,-1.16227785,-0.41338184
2.57691644,-1.68313344,-0.32153417
2.57654765,-2.22626454,-0.49930625
2.21709118,-1.64947896,-0.30292974
2.72597634,-1.46227203,-0.23522426
2.24745028,-1.74927204,-0.34060576
2.24772988,-0.79381523,-1.19041067
2.720273,-0.70308249,-0.34416837
2.66669122,-1.96214416,-0.38769535
2.19203316,-2.0751429,-0.41997943
2.24773098,-1.02359371,-0.84952725
2.71988765,-1.91367873,-0.31598878
2.72761889,3.18001587,3.28053464
1.20796514,-2.45346219,-0.5987981
2.57718376,-0.11969682,-0.07262535
2.61227045,-1.304152,-0.56627671
1.79791192,-0.64858445,-0.35457092
1.81779641,-1.91182727,-0.42738859
2.37355636,-2.17363132,-0.54790495
2.70741387,-1.78126723,-0.36211891
2.5672413,3.47279122,1.5081276
2.72708465,1.76298732,1.92908071
2.57785107,1.81355894,-0.0275719
2.57687336,-1.70071478,-0.32513258
2.65237243,-2.08745771,-0.37470696
2.28451363,1.19432169,-0.15896264
2.74102708,-1.41827151,-0.64132206
2.57659643,-1.95199197,-0.44404097
2.57785051,1.81079651,-0.02977542
2.65227989,-2.04877018,-0.32580054
2.67137061,0.80995949,-0.45570637
2.3181682,-2.25048536,-0.47411618
2.66781429,1.78188906,0.8379132
2.72756216,2.66884386,0.81423908
2.72812488,5.25753055,2.96008394
2.57761148,0.91193353,-0.50558894
1.89342444,-0.29824343,-0.51243479
2.57696695,-0.54048287,-0.89737648
2.65227883,-2.04335992,-0.34049913
2.72743181,2.59434338,2.17927101
2.741541,-0.06150645,-0.28295172
2.72688522,-0.41092842,-0.78263482
2.57625748,-2.22683662,-0.50806394
2.65239418,-1.99706058,-0.30727673
2.73884751,-1.76974724,-0.41332172
2.72709742,1.93951787,2.74878951
2.57676502,-1.94864275,-0.36156124
2.72848175,8.63754026,-2.38799332
2.72730097,1.75788013,0.0817963
2.73947751,0.24446278,-0.33350297
2.738961,-1.55484069,-0.27985478
2.24743456,-1.67911006,-0.41584789
2.72689841,-0.33834201,-0.76925348
2.49513321,-2.14725151,-0.42734038
2.72625599,-2.0438796,-0.43243951
2.57713673,-0.77636431,-1.44816782
2.57711606,-1.22335512,-0.54521439
2.73935555,-0.30229682,-1.04652296
2.57682317,-1.88681804,-0.39019411
2.66998835,-1.13684339,-0.31245709
2.19316122,1.60468108,1.525759
1.81926622,-1.55482696,-0.38324469
2.73991877,2.3969777,2.20565537
2.73897747,-1.61385892,-0.29366278
2.54719581,0.51621164,-0.44599848
2.74113789,-0.91360472,-1.04542603
2.2474304,-1.78953879,-0.34009472
2.24752404,-1.73842284,-0.35997479
2.7086797,3.93464963,-0.10412319
2.72674159,-0.22758148,-1.4515262
2.74116689,-1.20945091,-0.7071057
2.57792416,3.4792871,1.67123445
2.5772375,0.54158663,-0.29466943
2.65226917,-2.10136562,-0.3505349
2.23711806,-0.72436403,-0.41879405
2.20849952,-2.02743028,-0.38660697
2.65235494,-2.18296271,-0.45398259
2.57745806,0.99353471,-0.10934861
1.79832629,0.89712889,-0.2513868
2.70738569,-1.41906318,-0.43568036
2.6129197,1.77859966,-0.29691385
2.72783577,4.51741439,-0.5354369
2.80610558,-2.19421076,-0.53631512
2.24728345,-2.08082847,-0.42204451
2.72686662,0.48578635,-0.21262282
2.72120152,2.1491819,0.4498114
2.24773202,-1.01869796,-0.84913266
2.72030367,0.036182,-0.63260584
2.72044742,-0.49971287,-0.06759147
2.24806411,1.28108434,0.36822053
2.73940595,0.22682036,-0.34932382
2.57712501,-0.42266549,0.32939953
2.75952057,-0.57858818,-0.67410119
2.72718629,2.10856306,1.5523998
2.65217707,-2.11167716,-0.34606589
2.72749858,1.86143741,0.51433629
2.61190415,-2.12258828,-0.37964665
2.70733896,-2.0744647,-0.42032985
2.11189895,-0.38367538,-0.81423194
2.79923851,-2.49350495,-0.51950882
2.72114548,1.73761063,-1.13558257
2.72664651,-1.35435794,-0.20263332
2.08710901,-1.92028413,-0.34111972
2.72730875,3.13807547,3.42253064
2.17339607,0.30265804,-0.59051345
2.37407298,-0.62790538,-1.12232746
2.45575384,1.41955631,-0.85132524
2.57650448,-2.25095137,-0.48231222
2.19267745,-0.24821892,-0.74738299
3.00189049,1.05114869,-0.41174139
2.57652356,-2.088306,-0.3764963
2.65232266,-2.0918646,-0.33891693
2.61234398,-1.1725976,-0.48074283
2.7210971,1.33463489,-0.57462094
1.79826551,0.34705474,-0.88760881
2.53351997,1.07361358,-0.08848989
2.72008766,-1.64147143,-0.30721043
2.72779617,3.83838523,2.73292621
2.57769099,1.2994539,0.19304419
2.54719549,0.51820349,-0.45009745
2.66694476,-1.00225678,-0.60105394
2.12731551,-1.90466613,-0.30758436
2.90600296,-2.47012397,-0.61162034
2.72771005,4.21790894,3.27202277
2.57827663,-1.2135013,-1.27492211
2.72067829,1.13367953,0.33483187
2.72660032,-0.27180539,-0.00394643
2.65235992,-2.0152929,-0.31387569
2.19215839,-1.97445502,-0.39675871
2.57660988,-1.9340596,-0.41140651
2.65685644,-0.8596453,-0.74976247
2.72684016,-0.14483509,0.00286139
2.64986417,-2.03452869,-0.38801057
2.61267165,0.07717744,0.01660316
2.71940011,0.85887424,-0.16132596
2.24747578,-1.0010515,-0.67992032
2.35417197,-2.20271096,-0.43929826
2.57756584,0.91858541,-0.04985395
2.5777711,2.29000935,1.61577658
1.61875136,-2.25054718,-0.51635935
2.72698249,0.70555997,1.61093545
2.57678163,-1.96847211,-0.43359315
2.24958184,5.49964053,3.18428409
1.67397138,-2.02480465,-0.39234609
2.72666321,-0.85201114,-1.02831133
2.45537735,0.13846502,-0.4339878
2.67161133,1.10903111,-0.80968112
2.72765587,4.74239991,-1.15177063
2.72742984,3.40497868,3.00833325
2.53941487,-0.46347161,-0.71147611
2.53916349,-1.72891919,-0.31568619
2.24782797,-0.06632158,0.54714884
2.72685511,0.19029163,0.36142265
2.72761669,2.63548011,1.5568336
2.73924923,0.13884195,0.67648513
2.24745804,-2.06773692,-0.37710866
1.30526401,-2.01194988,-0.52403749
2.73856074,-2.2569134,-0.52745843
2.72064418,0.95808124,0.03325019
1.95390283,0.13511712,-0.33985414
2.24780246,0.01097202,0.15585965
2.90100031,-0.97432801,-0.91961764
2.72011906,-1.40667035,-0.41322
2.65703734,-0.28264747,-1.64941949
2.67054827,-2.06959552,-0.34700839
1.74129818,5.13265487,3.4427986
2.32540863,-0.60929296,-0.16225242
2.71990848,-1.99667924,-0.3938559
2.72105947,1.89257942,1.29645261
2.36331849,-0.14524647,-0.69771587
2.70721455,-2.21152488,-0.66081502
2.61186858,-2.19152185,-0.46108877
2.35583104,1.91881743,-0.33290392
2.72709221,1.37163827,1.36432413
2.73918277,-1.70608005,-0.49315016
2.72005506,-1.67249096,-0.36176215
2.72724081,2.55138499,1.42453387
0.10031155,-0.69096618,-0.39072954
2.37370453,-2.10492212,-0.41049695
2.73848624,-2.23677933,-0.51136101
2.73931833,-0.86611592,-0.53462897
2.57662884,-1.6018436,-0.50995207
2.44912664,-2.18257567,-0.49424406
2.7271588,2.54481491,3.21237746
2.57738261,-0.45019545,-0.50825236
2.73920611,0.03602966,0.23110263
2.65237039,-2.11833209,-0.37402169
2.72676907,0.4095503,0.98166548
1.81912029,-2.21588716,-0.48811596
2.57642004,-1.97234813,-0.6692025
2.57770963,1.39869025,0.623831
2.57663939,-2.23773589,-0.45663128
2.57674209,-2.09757293,-0.43943337
2.40443169,-0.98422117,-0.48038256
2.72707116,2.01463797,2.8305779
2.75933487,-0.57321018,-0.52231736
2.32485771,-2.05498261,-0.4231165
2.61205775,-2.06577295,-0.36993812
2.65229325,-2.11813633,-0.35908821
2.57626203,-2.19151495,-0.54209056
-0.77315188,1.69720296,-1.03770047
-0.75961304,-0.39213404,1.01474576
0.35113037,-3.70156709,3.07374431
-0.77141341,1.48675796,-0.98326139
-0.7612731,1.69264529,-1.1814338
-0.49071315,-5.33639038,4.11324587
-0.77579547,1.99541566,-1.41654545
-0.56789273,0.26320651,0.1741839
0.28022677,-1.73007825,1.65010351
-0.77464014,1.48259035,-0.92367666
-0.76950598,1.91897391,-1.39304286
-0.7422165,-0.52511978,0.77342576
0.32677476,-2.73013152,2.20069254
-0.65459091,-4.49294633,2.91719389
-0.7747771,1.56457794,-1.06638543
-0.83500501,0.17544324,0.27935799
-0.77891333,2.03166101,-1.44708633
-0.77530455,1.96733034,-1.41183211
-0.28690145,-5.05064724,4.08383087
-0.69211417,1.21515471,-0.71120917
-0.70989784,-0.8298334,0.96885654
-0.76557135,1.57106305,-1.13825867
-0.29541359,1.16074335,-0.62213823
-0.77287441,1.60356431,-1.08192293
-0.73154265,1.04304089,-0.54630492
0.046136,-1.44503995,1.5387133
-0.7716502,1.86227171,-1.30775401
-0.77421996,2.05643334,-1.46599214
0.76042121,-7.80197876,6.94291681
-0.77487353,1.52074906,-1.02112034
-0.79006658,1.56208408,-0.94581734
-0.76304241,1.8171788,-1.25101483
-0.76287464,1.81748617,-1.25064436
-0.77957872,1.97884017,-1.41850821
-0.20697323,-1.93999611,1.78682115
0.30341575,-3.23207332,3.0193858
-0.63191064,-5.3116278,2.84705618
-0.76111792,1.70742663,-1.22450668
-0.76584963,1.68496154,-1.20820604
-0.77305104,2.2157637,-1.48417708
-0.75326774,1.71506924,-1.245595
-0.6615685,1.05240397,-0.58847499
0.10938856,-2.45102997,2.15443822
-0.77201338,1.27291174,-0.80611383
-0.76689062,1.58571538,-1.14508418
-0.77048278,1.40726787,-0.92253956
-0.31165556,-1.27488872,1.36136427
-0.74071051,1.98218517,-1.25984795
-0.78137664,1.58327969,-0.97543713
-0.92559104,-0.03816983,0.5467944
-0.24593636,-0.46275293,0.77920061
0.28872346,-4.99497015,2.63312515
-0.50509405,0.3109809,0.12335477
-0.65225936,-0.85552402,0.85360196
-0.14150725,-1.09324992,1.24917685
-0.77418431,1.6474645,-1.04823476
-0.76293137,1.50551402,-1.0838677
0.13237124,-2.35902203,2.02751554
-0.78063025,1.75256124,-1.17207491
-0.76910506,1.88709429,-1.35264085
-0.76941595,1.12741742,-0.54837529
-0.76763557,1.58878594,-1.07089804
-0.77650287,1.98005836,-1.4204167
-0.76325238,1.49943752,-1.07828862
-0.77609146,1.55053462,-0.99485931
-0.73331518,0.01122199,0.32996901
-0.82154824,0.13857834,0.10636523
-0.58884674,-2.10112161,1.80522519
-0.66064123,-1.16999094,1.20863566
-1.49420601,-2.31036432,1.94099322
-0.84271268,-1.2894271,1.10841934
-0.75730691,1.71919879,-1.19030183
-0.77247856,2.00211222,-1.41360056
-0.76239672,1.68500014,-1.20040981
-0.57316277,-1.38296808,0.94652193
-0.76551258,1.64197996,-1.14876399
0.32274476,-5.7086211,2.66015523
-0.76607117,1.57020988,-1.13420336
-0.43401862,1.30558347,-0.76049582
-0.73534972,0.60385415,-0.16571152
-0.26987067,-0.61726593,0.94084993
-0.57455661,-3.06327508,2.92523406
-0.76503532,1.536603,-0.91927533
-0.62406878,-2.90208612,1.20875914
-0.63755832,1.36802975,-0.01008925
-0.76478106,1.55634649,-0.97715842
-0.60476476,0.46043767,-0.16502527
-0.77810453,1.58431381,-1.03236098
-0.77638771,2.00724813,-1.42972942
-0.70706321,0.41427525,-0.04565436
0.64104332,-7.04643846,5.23191514
-0.78108096,1.09575162,-0.60415535
-0.50685527,-0.37684352,0.53281123
0.46238005,-0.05610536,0.31643439
-0.76555534,1.56830242,-1.13453977
0.1372374,-7.98435613,6.46366447
-0.76346478,1.24360392,-0.79964931
0.13713522,-7.98713626,6.45585929
-0.80164138,1.10451552,-0.5124402
-0.76124894,1.77942402,-1.25682456
-0.75555254,1.66306413,-1.15525879
-0.56927099,0.40933782,0.02093537
-0.54223535,-5.15649785,3.32043088
9.49E-03,-1.07E+01,7.45E+00
-0.71553168,0.44329026,-0.14892128
-0.78270469,1.5270156,-0.97441708
-0.69820618,0.24305291,0.1303414
-0.79488747,0.56793321,-0.12737161
-0.60050055,1.22340504,-0.72123721
-0.77071142,1.40552651,-0.85922031
-0.71572244,0.44715981,-0.15281941
-0.77337159,2.00175853,-1.41304646
-0.55622257,-7.60286518,4.0441702
-0.77071082,1.74928204,-1.26426748
-0.76000896,0.7079497,0.09818616
-0.76756401,1.63142856,-1.16989094
-0.76518717,1.74769862,-1.26015047
-0.76948378,2.0032983,-1.41545875
-0.77357486,1.90513149,-1.34175734
1.89245371,-4.49027763,3.87784068
0.08450878,-1.6910952,1.7306644
-0.76538178,1.63381751,-1.18546975
-0.78237834,1.17751118,-0.72108585
-0.78479607,1.51988114,-0.9710574
-0.77870709,2.03402464,-1.44569124
-0.7994414,2.66555293,-2.06460575
-0.45437596,-0.7420531,0.64898943
-0.76413834,1.50119896,-1.03617349
0.12219003,-2.80979785,1.38738881
0.83060606,-0.85990233,0.91026309
-0.33390642,-1.26835059,1.29200735
-0.76772125,1.61628974,-1.14618797
-0.7707037,1.48880602,-0.99245008
-0.76770442,1.6158617,-1.13704475
0.00316093,-1.09737601,1.30934215
-0.79558489,1.24167921,-0.87509723
-0.55132681,1.14794427,-0.60438614
-0.73628557,1.16529929,-0.58118343
-0.6841824,-0.55602626,0.7525162
-0.78146866,2.10056482,-1.50397518
-0.76683691,1.60426694,-1.16304768
-0.77909214,1.98808104,-1.43694917
-0.76854377,1.52945733,-1.0418953
-0.77848817,2.03467147,-1.44623176
1.50325364,-3.64022152,3.52954387
0.17187124,-2.47135754,2.20414468
-0.65896105,-65.4068224,-77.49053583
-0.76874003,1.67293064,-1.21852963
-0.81264366,1.26559414,-0.37100941
-0.70719745,0.46561626,-0.00199425
-0.69006081,-4.35555917,2.71598664
-0.50969539,-0.88937603,1.10653552
-0.72430675,1.38858235,-0.84582456
-0.76042858,1.70826309,-1.22634059
-0.75622304,2.31991432,-1.65864386
-0.02698938,-10.98240998,9.87286164
-0.76528478,1.58957956,-1.15065318
-0.09603539,1.97148023,-0.55672283
-0.76754962,1.70773177,-1.23368498
-0.30612774,-0.13269223,0.38898356
0.64071089,-0.65749323,0.83063559
-0.7750577,1.98287144,-1.37039867
0.62326886,-0.24121093,0.28496502
-0.59520398,0.01067622,0.30030285
-0.77128887,1.7470892,-1.23643502
-0.71885454,1.0064703,-0.4122821
-0.77859314,1.93559223,-1.37470087
-0.76407608,1.57427117,-1.13693408
-0.74051404,1.26029864,-0.63228109
-0.71879899,1.15051688,-0.6863884
-0.66107051,-2.11334706,0.47625481
0.76967144,-6.69646322,3.68905216
-0.75854506,1.000976,-0.54207545
-0.77003906,1.71720432,-1.2341807
0.68814786,-1.93637756,1.7767382
-0.77860174,2.03406637,-1.44575661
0.05741661,-5.36241804,4.36182189
-0.78459224,1.70503398,-1.13099675
-0.77568934,1.98038056,-1.42092147
-0.51106059,-0.7119115,0.96896072
-0.76485308,1.48414952,-1.03136875
-0.77346319,1.76718995,-1.14076556
-0.78972131,2.24591142,-1.62871221
0.05241464,-0.69515418,0.91524572
0.0103868,-8.18501151,4.56514068
-0.65833661,-1.64948219,1.81516719
-0.76814936,1.63986363,-1.18831217
-0.80573068,1.48423863,-0.73896656
-0.77861146,2.02818136,-1.44885759
-0.77909257,2.03372703,-1.44603466
-0.77864463,2.02856379,-1.44866292
-0.77876089,2.02990389,-1.44798076
-0.77602844,1.95172829,-1.36848298
-0.77907274,2.03349839,-1.44615104
-0.77745071,1.92992243,-1.36711817
-0.77928103,2.03589927,-1.44492891
-0.77824239,2.00820249,-1.42578089
-0.77901575,2.03284157,-1.44648538
-0.776106,1.95262226,-1.36802792
-0.76124894,1.77942408,-1.25682459
-0.77880495,2.0304117,-1.44772227
-0.77877363,2.03005072,-1.44790602
-0.77869657,2.02916245,-1.44835818
-0.7793922,2.03718071,-1.44427662
-0.76141045,1.78218628,-1.25827508
-0.77926835,2.03575321,-1.44500326
-0.77993116,2.10703907,-1.48499267
-0.77865707,2.02957789,-1.44971236
-0.77913358,2.03419975,-1.44579402
-0.81297237,1.26175101,-0.37017536
-0.77550588,1.96139775,-1.39036289
0.02119198,-3.79685488,3.54807933
0.0781132,-7.89913094,5.82828812
-0.76471412,1.60891141,-1.15681442
-0.79676846,1.23461771,-0.777881
-0.41577011,-1.42537999,1.53116573
-0.54368545,0.26546003,-0.099837
-0.76355788,1.83026162,-1.24647798
-0.77983017,1.97874059,-1.4183522
-0.77348555,1.27223738,-0.7983818
-0.76041711,1.49102487,-1.06462866
-0.78531468,0.06500096,0.42607699
0.5051304,-1.58171468,1.51747969
-0.71854458,1.61523368,-0.80792116
-0.12702059,-5.27118554,4.1986774
-0.77888192,2.03129886,-1.44727068
-0.77114722,1.6260635,-1.10872094
-0.00488826,-3.62231224,2.96477706
-0.76399103,1.5379523,-1.09166663
-0.35443701,0.01982183,0.20583151
-0.47170936,1.04869126,-0.50216646
-0.76850837,1.52345952,-1.03476218
-0.76518516,1.62144629,-1.16991985
-0.46890076,0.27391791,0.00604496
-0.51177499,-0.80558513,1.02148207
-0.7147264,0.42695513,-0.13246549
-0.76334558,1.68344108,-1.1724368
-0.45759843,-2.83771441,2.64668252
-0.7696996,1.71993055,-1.23802126
-0.12856673,-6.83022672,4.9043618
-0.74704096,-2.69787611,2.39565637
-0.72261957,0.95882001,-0.41784073
-0.47913443,-3.68993247,2.96532217
-0.76647144,1.59434134,-1.15540119
9.39E-03,-1.07E+01,7.49E+00
-0.570201,0.29594997,0.01575694
-0.76612222,1.60032507,-1.14168049
-0.32520338,-0.35210718,0.54532713
-0.76922155,1.71349847,-1.23520272
0.21594344,0.23506899,0.07953391
-0.77333277,1.76087199,-1.261105
-0.76445405,1.66534358,-1.17295448
-0.76031201,1.73757744,-1.21850292
-0.78219394,1.57035595,-0.9724294
-0.78976271,2.24614916,-1.62901264
-0.77552237,1.9615879,-1.39026609
0.36690467,-1.82605679,1.71293845
-0.76676032,1.65771732,-1.19285069
-0.7841734,1.18821666,-0.66712493
-0.75805711,1.66416907,-1.20495858
-0.50508804,0.31134473,0.1230264
-0.75079571,1.98598135,-1.41630026
-0.76389736,1.83971294,-1.21457857
-0.76737453,1.11803468,-0.63932488
-0.77378933,1.80007206,-1.28904931
-0.60023853,-4.26601448,3.63848792
-0.09894887,-4.31669389,3.30198095
-0.56529771,-1.55225965,1.42571833
-0.76783384,1.41664166,-0.96878818
0.08474752,-1.69586455,1.73337728
-0.77176679,1.80533661,-1.26593732
-0.87749192,2.17827751,-0.7928458
-0.7903917,2.24976133,-1.63357722
-0.76575218,1.42739616,-0.9075165
-0.76467844,1.68874939,-1.21645994
-0.78908289,2.20011161,-1.60240966
-0.76772675,1.51415434,-1.05037945
-0.7704765,1.50547609,-1.01690245
-0.45419474,-1.74892315,1.68557793
0.48382001,-1.71091522,1.61032233
-0.02701059,-10.97573577,9.87131546
-0.7651418,1.55378159,-1.12037525
-0.77054947,1.7563997,-1.10631138
-0.7648871,1.54602386,-1.11494987
-0.76811189,1.97072861,-1.38564991
0.14171474,-1.0638765,1.10850537
-0.67840349,-0.23488688,0.53859612
-0.77146074,1.75109494,-1.23893892
-0.72764022,1.22848266,-0.71276631
-0.77006877,1.73479737,-1.18879268
-0.77892299,2.03177237,-1.44702964
-0.37051443,1.09520511,-0.5415144
-0.76127443,1.88090743,-1.3145176
-0.60361875,-3.00422178,2.75364478
-0.28436522,-10.35040109,2.15501518
-0.774147,1.99666848,-1.36808313
-0.7660504,2.28746422,-1.66164177
0.00246056,-1.09370954,1.29746604
-0.77754659,1.979645,-1.4197691
-0.75731068,1.43021101,-0.90220098
